﻿Rank;Startnumber;Firstname;Surname;Gender;Nat;Club;Race;Class;Total Time;Diff Winner;TimeOfDay;City
0;598;Martin;Abel Engh;M;NOR;Holmen IF;1;G 10 år;;;;
0;585;Levi Liljevold;Alnes;M;NOR;Lommedalens IL;1;G 10 år;;;;
0;591;Lukas Gjerde;Austefjord;M;NOR;IL Jardar;1;G 10 år;;;;
0;581;Mikkel;Brennhovd;M;NOR;Øvrevoll Hosle IL;1;G 10 år;;;;
0;572;Abel;Cedergren;M;NOR;IL Jardar;1;G 10 år;;;;
0;599;Nord Blomfeldt;Ekjord;M;NOR;Haslum IL;1;G 10 år;;;;
0;556;Gabriel;Erlandsen;M;NOR;IL Jardar;1;G 10 år;;;;
0;569;Knut Magnus;Erlandsen;M;NOR;IL Jardar;1;G 10 år;;;;
0;600;Sigve Nygård;Fagervold;M;NOR;Asker SK;1;G 10 år;;;;
0;558;Emil Smith;Gjerde;M;NOR;Jutul  IL / Jutul IL;1;G 10 år;;;;
0;588;Håkon Vesterkjær;Gulbrandsen;M;NOR;Holmen IF;1;G 10 år;;;;
0;557;Oliver Cammermeyer;Haavardsholm;M;NOR;Holmen IF;1;G 10 år;;;;
0;594;Anders Fosmo;Halvorsen;M;NOR;IL Jardar;1;G 10 år;;;;
0;564;Thomas Kaggerud;Helland;M;NOR;Fossum IF;1;G 10 år;;;;
0;548;Ole Jakob Aas;Hersløv;M;NOR;Fossum IF;1;G 10 år;;;;
0;601;Oskar Brandshaug;Hoem;M;NOR;IL Jardar;1;G 10 år;;;;
0;576;Sindre Nikolai;Holmboe;M;NOR;Holmen IF;1;G 10 år;;;;
0;547;Ulrik;Holstrøm;M;NOR;Fossum IF;1;G 10 år;;;;
0;555;Isak Göran;Hov;M;NOR;Lommedalens IL;1;G 10 år;;;;
0;563;Tobias;Kanck-Vårdal;M;NOR;Haslum IL;1;G 10 år;;;;
0;587;Sondre;Kongslie;M;NOR;Dikemark IF;1;G 10 år;;;;
0;578;Håkon Juell;Larsen;M;NOR;IL Jardar;1;G 10 år;;;;
0;565;Thorvald;Lødøen;M;NOR;IL Jardar;1;G 10 år;;;;
0;583;Kornelius Eiken;Longva;M;NOR;Lommedalens IL;1;G 10 år;;;;
0;566;Gaute Lie;Løwe;M;NOR;IL Jardar;1;G 10 år;;;;
0;560;Marius Jahre;Lund;M;NOR;IL Jardar;1;G 10 år;;;;
0;562;Teodor Solland;Lundgaard;M;NOR;Fossum IF;1;G 10 år;;;;
0;602;Storm;Mellem;M;NOR;Holmen IF;1;G 10 år;;;;
0;551;Jonas;Myrstad;M;NOR;Lommedalens IL;1;G 10 år;;;;
0;577;Eskil;Nakstad;M;NOR;Jutul  IL / Jutul IL;1;G 10 år;;;;
0;590;Lars;Nordbø;M;NOR;Asker SK;1;G 10 år;;;;
0;584;Mikkel Grimsrud;Østvold;M;NOR;Fossum IF;1;G 10 år;;;;
0;586;Eirik;Rognebakke;M;NOR;Haslum IL;1;G 10 år;;;;
0;574;Fredrik;Røkke;M;NOR;Lommedalens IL;1;G 10 år;;;;
0;604;Fredrik Aaberg;Ruud;M;NOR;Dikemark IF;1;G 10 år;;;;
0;592;Nikolas;Ryen;M;NOR;Heggedal IL;1;G 10 år;;;;
0;573;Herman;Sannes-Vardenær;M;NOR;Haslum IL;1;G 10 år;;;;
0;596;Martin Olai;Skarstein;M;NOR;Dikemark IF;1;G 10 år;;;;
0;568;Storm;Söder;M;NOR;Haslum IL;1;G 10 år;;;;
0;570;Mats Gervin;Solum;M;NOR;Fossum IF;1;G 10 år;;;;
0;559;Sivert Gimmestad;Stalheim;M;NOR;Heggedal IL;1;G 10 år;;;;
0;579;Oliver Alexander Wadahl;Sweetman;M;NOR;Lyn Ski;1;G 10 år;;;;
0;597;Tobias;Therkelsen;M;NOR;IL Jardar;1;G 10 år;;;;
0;593;Thormodur Ari;Thormodsson;M;NOR;IL Jardar;1;G 10 år;;;;
0;571;Elling Harris;Utne;M;NOR;Haslum IL;1;G 10 år;;;;
0;575;Kha Chang;Vo;M;NOR;IL Jardar;1;G 10 år;;;;
1;394;Theo;Malm;M;NOR;Vreta Somk;1;G 11 år;17:29;0:00;2019-02-10T12:47:58.2130000;
2;400;Linus;Haugen;M;NOR;Fossum IF;1;G 11 år;18:12;0:43;2019-02-10T12:49:50.0160000;
3;408;Edvard Hambro;Pettersson;M;NOR;Fossum IF;1;G 11 år;18:18;0:49;2019-02-10T12:50:27.9280000;
4;403;Sigurd Blekkerud;Nyheim;M;NOR;Holmen IF;1;G 11 år;18:25;0:56;2019-02-10T12:50:12.8180000;
5;392;Morten Weber;Eriksen;M;NOR;Lommedalens IL;1;G 11 år;18:35;1:06;2019-02-10T12:48:51.3130000;
6;391;Sebastian;Wettergreen;M;NOR;Øvrevoll Hosle IL;1;G 11 år;18:51;1:22;2019-02-10T12:48:51.0570000;
7;393;Trygve Larssen;Myhrvold;M;NOR;Øvrevoll Hosle IL;1;G 11 år;19:35;2:06;2019-02-10T12:49:58.0160000;
8;402;Jens Aksel;Jorde;M;NOR;Asker SK;1;G 11 år;19:50;2:21;2019-02-10T12:51:33.0500000;
9;405;Hans Cedric;Irgens;M;NOR;Fossum IF;1;G 11 år;19:56;2:27;2019-02-10T12:51:56.3930000;
10;397;Lauritz Øvland;Wiig;M;NOR;Bærums Verk Hauger Idrettsfore;1;G 11 år;20:05;2:36;2019-02-10T12:51:19.4580000;
11;401;Håvard Torsgard;Ihler;M;NOR;Øvrevoll Hosle IL;1;G 11 år;20:10;2:41;2019-02-10T12:51:52.8680000;
12;409;Cody Nikolai Casey;Øiseth;M;NOR;Asker SK;1;G 11 år;20:11;2:42;2019-02-10T12:52:28.7810000;
13;407;Sindre;Sørlie;M;NOR;Fossum IF;1;G 11 år;20:13;2:44;2019-02-10T12:52:16.1310000;
14;446;Max;Oustad;M;NOR;Fossum IF;1;G 11 år;20:13;2:44;2019-02-10T12:53:13.7830000;
15;395;Eldar;Nakstad;M;NOR;Jutul  IL / Jutul IL;1;G 11 år;20:29;3:00;2019-02-10T12:51:32.2290000;
16;406;Johan Williams;Johannessen;M;NOR;Fossum IF;1;G 11 år;20:40;3:11;2019-02-10T12:52:42.5870000;
17;449;Baste;Høyerholt;M;NOR;Try IL;1;G 11 år;20:50;3:21;2019-02-10T12:53:50.2510000;
18;439;Lyder Heine;Aasbø;M;NOR;Heming IL;1;G 11 år;20:51;3:22;2019-02-10T12:53:51.8880000;
19;411;William;Heggløv;M;NOR;Try IL;1;G 11 år;21:16;3:47;2019-02-10T12:53:35.1450000;
20;440;Jakob Hjelmaas;Lien;M;NOR;Flåværingen IL;1;G 11 år;21:23;3:54;2019-02-10T12:54:23.2090000;
21;399;Oliver;Gjethammer;M;NOR;Try IL;1;G 11 år;21:45;4:16;2019-02-10T12:53:20.1310000;
22;416;Erlend Hellerud;Øpstad;M;NOR;Asker SK;1;G 11 år;21:51;4:22;2019-02-10T12:54:26.0140000;
23;404;Magnus Rørlien;Jevanord;M;NOR;Øvrevoll Hosle IL;1;G 11 år;22:04;4:35;2019-02-10T12:53:59.0180000;
24;422;Olve Herstad;Elvenes;M;NOR;Asker SK;1;G 11 år;22:12;4:43;2019-02-10T12:55:12.6270000;
25;418;Fredrik Rolseth;Westbye;M;NOR;Asker SK;1;G 11 år;22:18;4:49;2019-02-10T12:55:11.6950000;
26;421;Mads Agner;Matheson;M;NOR;IL Jardar;1;G 11 år;22:44;5:15;2019-02-10T12:55:44.7280000;
27;410;Aslak Dugstad;Sørskaar;M;NOR;Fossum IF;1;G 11 år;22:44;5:15;2019-02-10T12:55:01.8290000;
28;417;Mateo;Skindlo;M;NOR;Fossum IF;1;G 11 år;22:45;5:16;2019-02-10T12:55:22.7800000;
29;445;Marius;Langaas;M;NOR;Fossum IF;1;G 11 år;22:50;5:21;2019-02-10T12:55:50.1320000;
30;420;Victor Tryaire;Haugen;M;NOR;Haslum IL;1;G 11 år;22:53;5:24;2019-02-10T12:55:52.9810000;
31;444;Magnus;Molund;M;NOR;Lommedalens IL;1;G 11 år;22:56;5:27;2019-02-10T12:55:56.0620000;
32;419;Mikkel;Glomnes;M;NOR;Holmen IF;1;G 11 år;22:59;5:30;2019-02-10T12:55:53.9240000;
33;426;Wilhelm Klemet;Kollerud;M;NOR;Vollen Ungdomslag;1;G 11 år;23:02;5:33;2019-02-10T12:56:02.8220000;
34;414;Bernhard Holm;Hartvedt;M;NOR;Holmen IF;1;G 11 år;23:19;5:50;2019-02-10T12:55:48.9490000;
35;415;Benjamin Willy Luft;Wiik;M;NOR;Haslum IL;1;G 11 år;23:21;5:52;2019-02-10T12:55:50.9030000;
36;424;Mikkel;Rafen-Sparby;M;NOR;Haslum IL;1;G 11 år;23:25;5:56;2019-02-10T12:56:25.5540000;
37;429;Lars Teigland;Støre;M;NOR;Jutul  IL / Jutul IL;1;G 11 år;23:26;5:57;2019-02-10T12:56:26.7760000;
38;433;Albert Edison;Paus;M;NOR;Fossum IF;1;G 11 år;23:30;6:01;2019-02-10T12:56:30.4070000;
39;441;Håkon;Falck-Øien;M;NOR;Fossum IF;1;G 11 år;23:45;6:16;2019-02-10T12:56:45.4790000;
40;427;Rasmus;Eidbo-Hansen;M;NOR;Fossum IF;1;G 11 år;23:46;6:17;2019-02-10T12:56:46.9990000;
41;435;Andreas;Moslet;M;NOR;Fossum IF;1;G 11 år;24:06;6:37;2019-02-10T12:57:06.1740000;
42;413;Henrik;Willand-Grønli;M;NOR;Asker SK;1;G 11 år;24:06;6:37;2019-02-10T12:56:31.7280000;
43;425;Sondre;Strand-Øvereng;M;NOR;Haslum IL;1;G 11 år;24:17;6:48;2019-02-10T12:57:17.8890000;
44;436;Mads Optun;Forså;M;NOR;Haslum IL;1;G 11 år;24:27;6:58;2019-02-10T12:57:27.2680000;
45;412;Tobias Bjønnes;Olsen;M;NOR;Konnerud IL;1;G 11 år;24:42;7:13;2019-02-10T12:57:03.2510000;
46;431;Elias Hallvar;Leren;M;NOR;Vollen Ungdomslag;1;G 11 år;24:47;7:18;2019-02-10T12:57:47.7490000;
47;438;Mats Hynne;Blakseth;M;NOR;Jutul  IL / Jutul IL;1;G 11 år;25:26;7:57;2019-02-10T12:58:26.4280000;
48;442;Mikael;Løvf;M;NOR;Sjåstad/Vestre Lier IL;1;G 11 år;25:26;7:57;2019-02-10T12:58:26.9340000;
49;428;Lukas Blok;Lysvåg;M;NOR;Asker SK;1;G 11 år;25:27;7:58;2019-02-10T12:58:27.0450000;
50;423;Jonas Simble;Brun-Pedersen;M;NOR;Fossum IF;1;G 11 år;26:03;8:34;2019-02-10T12:59:03.7450000;
51;432;Oliver Mariager;Erichsen;M;NOR;Bærums Verk Hauger Idrettsfore;1;G 11 år;26:10;8:41;2019-02-10T12:59:10.9870000;
52;437;Fridtjof Orm;Sitje;M;NOR;Fossum IF;1;G 11 år;26:24;8:55;2019-02-10T12:59:24.3150000;
53;434;Kristian Ottesen;Søvik;M;NOR;Haslum IL;1;G 11 år;27:27;9:58;2019-02-10T13:00:27.1550000;
54;398;Andreas Bror;Kildahl;M;NOR;IL Jardar;1;G 11 år;29:56;12:27;2019-02-10T13:01:27.6710000;
55;430;Balder;Bjørge;M;NOR;Holmen IF;1;G 11 år;30:14;12:45;2019-02-10T13:03:14.9540000;
56;443;Nicholas;Sharoki;M;NOR;IL Jardar;1;G 11 år;31:52;14:23;2019-02-10T13:04:52.6370000;
1;276;Sigmund Aashaug;Stangvik;M;NOR;Gjelleråsen IF;1;G 12 år;16:17;0:00;2019-02-10T12:17:20.0810000;
2;273;Per Sunde;Rønning;M;NOR;Gjelleråsen IF;1;G 12 år;16:35;0:18;2019-02-10T12:17:08.0220000;
3;272;Arvid;Trofast;M;SWE;Vreta Somk;1;G 12 år;16:51;0:34;2019-02-10T12:17:24.6850000;
4;271;Henrik;Jørgensen;M;NOR;Fossum IF;1;G 12 år;16:55;0:38;2019-02-10T12:16:55.5710000;
5;275;Tage;Börjesson;M;NOR;Vreta Somk;1;G 12 år;17:09;0:52;2019-02-10T12:17:55.3380000;
6;277;Håvard Audahl;Vik;M;NOR;Lommedalens IL;1;G 12 år;17:17;1:00;2019-02-10T12:18:30.9720000;
7;274;Albert Juvik;Tveitnes;M;NOR;Fossum IF;1;G 12 år;17:45;1:28;2019-02-10T12:18:24.6920000;
8;278;Sondre Leknes;Frey;M;NOR;Bærums Skiklub;1;G 12 år;18:11;1:54;2019-02-10T12:19:37.1040000;
9;283;Eskil Risvand;Myrseth;M;NOR;Lommedalens IL;1;G 12 år;18:24;2:07;2019-02-10T12:20:41.9370000;
10;286;Henrik Weber;Andersson;M;NOR;Fossum IF;1;G 12 år;18:37;2:20;2019-02-10T12:21:00.5700000;
11;281;Linus Liljevold;Alnes;M;NOR;Lommedalens IL;1;G 12 år;18:43;2:26;2019-02-10T12:20:40.4470000;
12;293;Niklas Gundhus;Dyrberg;M;NOR;Holmen IF;1;G 12 år;18:52;2:35;2019-02-10T12:21:38.6420000;
13;287;Brage;Strandli;M;NOR;Holmen IF;1;G 12 år;19:07;2:50;2019-02-10T12:21:34.9920000;
14;292;Noah Aasen;Hovde;M;NOR;Fossum IF;1;G 12 år;19:08;2:51;2019-02-10T12:21:48.0770000;
15;311;Filip Aleksander;Vesterby;M;NOR;Oppegård IL;1;G 12 år;19:09;2:52;2019-02-10T12:22:09.7130000;
16;285;Even Nygård;Thorseng;M;NOR;Fossum IF;1;G 12 år;19:14;2:57;2019-02-10T12:21:37.3480000;
17;290;Andreas Nissen-Lie;Detlie;M;NOR;Holmen IF;1;G 12 år;19:15;2:58;2019-02-10T12:21:51.2280000;
18;296;Erik Clark;Thronsen;M;NOR;Fossum IF;1;G 12 år;19:26;3:09;2019-02-10T12:22:20.3300000;
19;282;Nils;Sogstad-Tønnessen;M;NOR;Lommedalens IL;1;G 12 år;19:44;3:27;2019-02-10T12:21:49.0370000;
20;301;Henrik;Svindseth;M;NOR;Holmen IF;1;G 12 år;19:48;3:31;2019-02-10T12:22:48.5190000;
21;297;Pelle Stub;Aune;M;NOR;Bærums Skiklub;1;G 12 år;20:04;3:47;2019-02-10T12:23:00.9590000;
22;291;Bastian;Ekrheim;M;NOR;Holmen IF;1;G 12 år;20:07;3:50;2019-02-10T12:22:45.9490000;
23;280;Philip Björn Knoph;Kvamme;M;NOR;Haslum IL;1;G 12 år;20:08;3:51;2019-02-10T12:21:39.5030000;
24;288;Sondre;Brennhovd;M;NOR;Øvrevoll Hosle IL;1;G 12 år;20:08;3:51;2019-02-10T12:22:41.6390000;
25;289;Magnus Alejandro;Engelhardtsen;M;NOR;Fossum IF;1;G 12 år;20:10;3:53;2019-02-10T12:22:44.7450000;
26;294;Ola Jahre;Lund;M;NOR;IL Jardar;1;G 12 år;20:15;3:58;2019-02-10T12:23:01.0380000;
27;279;Aleksander;Hørgård;M;NOR;IL Jardar;1;G 12 år;20:21;4:04;2019-02-10T12:21:48.0470000;
28;309;Felix Bertelsen;Fadnes;M;NOR;Heggedal IL;1;G 12 år;20:25;4:08;2019-02-10T12:23:25.4720000;
29;316;Edwin Wøien;Menard;M;NOR;Asker SK;1;G 12 år;20:36;4:19;2019-02-10T12:23:36.3470000;
30;303;Sivert Seim;Morken;M;NOR;Holmen IF;1;G 12 år;20:46;4:29;2019-02-10T12:23:46.5080000;
31;299;Emil;Falkenberg-Jensen;M;NOR;Holmen IF;1;G 12 år;20:48;4:31;2019-02-10T12:23:48.1580000;
32;307;Haakon;Hansteensen;M;NOR;Lommedalens IL;1;G 12 år;20:48;4:31;2019-02-10T12:23:48.7880000;
33;313;Bo Herman;Risnes;M;NOR;Heggedal IL;1;G 12 år;20:53;4:36;2019-02-10T12:23:53.9370000;
34;298;Peder Kristofer Rostock;Taraldsen;M;NOR;Lyn Ski;1;G 12 år;20:57;4:40;2019-02-10T12:23:54.8270000;
35;284;Ludvig;Steen;M;NOR;Asker SK;1;G 12 år;21:02;4:45;2019-02-10T12:23:24.0680000;
36;295;Jonas Kvie;Prestholdt;M;NOR;Asker SK;1;G 12 år;21:32;5:15;2019-02-10T12:24:20.7870000;
37;312;Lukas Fonn;Søndergaard;M;NOR;IL Jardar;1;G 12 år;21:36;5:19;2019-02-10T12:24:36.7480000;
38;318;Kasper Lidemark;Gausdal;M;NOR;Holmen IF;1;G 12 år;21:40;5:23;2019-02-10T12:24:40.5880000;
39;320;Lasse Von Saldern;Runer;M;NOR;Haslum IL;1;G 12 år;21:43;5:26;2019-02-10T12:24:43.1980000;
40;300;Ole Brekke;Melzer;M;NOR;IL Jardar;1;G 12 år;21:44;5:27;2019-02-10T12:24:44.1430000;
41;302;Martin Tidemann;Sætre;M;NOR;Asker SK;1;G 12 år;21:48;5:31;2019-02-10T12:24:48.9680000;
42;305;Maximilian Næss;Nilsen;M;NOR;Bærums Skiklub;1;G 12 år;23:19;7:02;2019-02-10T12:26:19.7530000;
43;319;Andreas Ivarsen;Dirdal;M;NOR;IL Jardar;1;G 12 år;23:22;7:05;2019-02-10T12:26:22.1430000;
44;304;Mikkel Slaatsveen;Riddervold;M;NOR;Fossum IF;1;G 12 år;23:28;7:11;2019-02-10T12:26:28.7280000;
45;315;Ludvig Christoffer;Beck-Vehre;M;NOR;Lommedalens IL;1;G 12 år;24:25;8:08;2019-02-10T12:27:25.6090000;
46;308;Thomas;Venbakken;M;NOR;Øvrevoll Hosle IL;1;G 12 år;26:50;10:33;2019-02-10T12:29:50.2370000;
1;159;Vetle;Austad;M;NOR;Fossum IF;1;G 13 år;23:58;0:00;2019-02-10T11:41:15.7990000;
1;151;Håkon Emiil;Heir;M;NOR;Ås IL;1;G 13 år;23:58;0:00;2019-02-10T11:38:58.7330000;
3;156;Kristian Bråthen;Børve;M;NOR;Vollen Ungdomslag;1;G 13 år;24:28;0:30;2019-02-10T11:40:46.3550000;
4;157;Torjus Magnus;Harbo;M;NOR;Fossum IF;1;G 13 år;24:34;0:36;2019-02-10T11:41:12.0890000;
5;153;Markus Lie;Petterson;M;NOR;Haslum IL;1;G 13 år;25:02;1:04;2019-02-10T11:41:07.4800000;
6;154;Mathias Lie;Petterson;M;NOR;Haslum IL;1;G 13 år;25:06;1:08;2019-02-10T11:41:11.1140000;
7;152;Eirik Sjøl;Værnes;M;NOR;Asker SK;1;G 13 år;25:49;1:51;2019-02-10T11:41:38.0940000;
8;163;Fredrik Knoph;Birkeland;M;NOR;Fossum IF;1;G 13 år;25:54;1:56;2019-02-10T11:43:54.2460000;
9;165;Sondre Georg;Lundqvist;M;NOR;Ås IL;1;G 13 år;26:28;2:30;2019-02-10T11:44:28.2810000;
10;167;Kristoffer Jebens;Katla;M;NOR;Haslum IL;1;G 13 år;26:33;2:35;2019-02-10T11:44:33.7080000;
11;162;Ola Thomas;Sørensen;M;NOR;Fossum IF;1;G 13 år;26:36;2:38;2019-02-10T11:44:29.3220000;
12;161;Simon Gunnar;Hernes;M;NOR;Fossum IF;1;G 13 år;26:39;2:41;2019-02-10T11:44:27.6350000;
13;155;Sivert Listøl;Moskaug;M;NOR;Asker SK;1;G 13 år;26:41;2:43;2019-02-10T11:42:54.2180000;
14;164;Haakon Svenkerud;Franing;M;NOR;Lommedalens IL;1;G 13 år;26:50;2:52;2019-02-10T11:44:50.4570000;
15;171;Oskar Johan;Hov;M;NOR;Asker SK;1;G 13 år;26:53;2:55;2019-02-10T11:44:53.8610000;
16;168;Torkil Sletmoen;Fagernes;M;NOR;Asker SK;1;G 13 år;26:56;2:58;2019-02-10T11:44:56.5900000;
17;160;Mats Taraldsen;Hyllseth;M;NOR;Haslum IL;1;G 13 år;27:13;3:15;2019-02-10T11:44:37.9170000;
18;185;Henrik Blekkerud;Nyheim;M;NOR;Holmen IF;1;G 13 år;27:15;3:17;2019-02-10T11:45:15.3320000;
19;170;Vegard Hodneland;Hansen;M;NOR;Heggedal IL;1;G 13 år;27:29;3:31;2019-02-10T11:45:29.5980000;
20;195;Simen;Langaas;M;NOR;Fossum IF;1;G 13 år;27:45;3:47;2019-02-10T11:45:45.7350000;
21;166;Sebastian Milanes;Stavran;M;NOR;Heggedal IL;1;G 13 år;27:54;3:56;2019-02-10T11:45:54.0120000;
22;193;Gustav;Lång-Gisholt;M;NOR;Fossum IF;1;G 13 år;28:00;4:02;2019-02-10T11:46:00.5770000;
23;169;Sander Wensaas;Andressen;M;NOR;Lommedalens IL;1;G 13 år;28:01;4:03;2019-02-10T11:46:01.9070000;
24;173;Øystein Selstad;Berg;M;NOR;Heggedal IL;1;G 13 år;28:13;4:15;2019-02-10T11:46:13.7610000;
25;175;Erik Nils;Hov;M;NOR;Lommedalens IL;1;G 13 år;28:33;4:35;2019-02-10T11:46:33.8990000;
26;176;Marius Juell;Larsen;M;NOR;IL Jardar;1;G 13 år;28:40;4:42;2019-02-10T11:46:40.4250000;
27;187;Oscar Løkke;Johannessen;M;NOR;Fossum IF;1;G 13 år;28:42;4:44;2019-02-10T11:46:42.1530000;
28;177;Herman Haug;Seljåsen;M;NOR;Asker SK;1;G 13 år;29:33;5:35;2019-02-10T11:47:33.8910000;
29;174;Sebastian Jansson;Zachariasen;M;NOR;Haslum IL;1;G 13 år;30:04;6:06;2019-02-10T11:48:04.4050000;
30;180;Jonas;Egge;M;NOR;IL Jardar;1;G 13 år;30:14;6:16;2019-02-10T11:48:14.8270000;
31;190;Mads Damman;Hald;M;NOR;Lommedalens IL;1;G 13 år;30:26;6:28;2019-02-10T11:48:26.8570000;
32;178;Tobias Nordtveit;Knudsen;M;NOR;Heggedal IL;1;G 13 år;30:30;6:32;2019-02-10T11:48:30.0670000;
33;179;Christian;Schjander-Opsahl;M;NOR;Lommedalens IL;1;G 13 år;31:04;7:06;2019-02-10T11:49:04.9850000;
34;191;Marius Aalberg;Melgaard;M;NOR;Holmen IF;1;G 13 år;31:18;7:20;2019-02-10T11:49:18.8070000;
35;182;Carl Herman;Adde;M;NOR;Haslum IL;1;G 13 år;31:29;7:31;2019-02-10T11:49:29.6180000;
36;198;Erik;Herland-Valen;M;NOR;Holmen IF;1;G 13 år;31:44;7:46;2019-02-10T11:49:44.1230000;
37;181;Vegard;Bjørnestad;M;NOR;IL Jardar;1;G 13 år;31:46;7:48;2019-02-10T11:49:46.5190000;
38;199;Hy Chang;Vo;M;NOR;IL Jardar;1;G 13 år;33:21;9:23;2019-02-10T11:51:21.4510000;
39;192;Sivert Haugan;Nereng;M;NOR;Holmen IF;1;G 13 år;33:30;9:32;2019-02-10T11:51:30.8790000;
40;200;Mathias Jovik;Flaten;M;NOR;Røa IL;1;G 13 år;34:45;10:47;2019-02-10T11:52:45.1080000;
41;183;Frithjof Skiftesvik;Nilsen;M;NOR;Bærums Verk Hauger Idrettsfore;1;G 13 år;35:39;11:41;2019-02-10T11:53:39.2910000;
1;103;Jørgen;Røkke;M;NOR;Lommedalens IL;1;G 14 år;22:58;0:00;2019-02-10T11:29:39.9440000;
2;100;Aksel;Kanli;M;NOR;Fossum IF;1;G 14 år;23:18;0:20;2019-02-10T11:29:27.2710000;
3;99;Pelle;Sunde;M;NOR;Gjelleråsen IF;1;G 14 år;23:27;0:29;2019-02-10T11:29:29.4880000;
4;98;Olle;Börjesson;M;SWE;Vreta Somk;1;G 14 år;23:38;0:40;2019-02-10T11:29:36.9410000;
5;97;Sondre With Holm;Slettedal;M;NOR;Asker SK;1;G 14 år;23:39;0:41;2019-02-10T11:29:37.1250000;
6;95;Sondre Johan;Veiseth;M;NOR;Lommedalens IL;1;G 14 år;23:52;0:54;2019-02-10T11:29:45.7190000;
7;91;Michael;Sandeman-Kiste;M;NOR;Øvrevoll Hosle IL;1;G 14 år;23:53;0:55;2019-02-10T11:28:53.8770000;
8;94;Markus;Rindli;M;NOR;Drøbak-Frogn IL;1;G 14 år;24:00;1:02;2019-02-10T11:29:43.0810000;
9;96;Fredrik;Tidemann;M;NOR;Lommedalens IL;1;G 14 år;24:26;1:28;2019-02-10T11:30:24.5240000;
10;114;Aksel Andersen;Gärtner;M;NOR;Øvrevoll Hosle IL;1;G 14 år;24:31;1:33;2019-02-10T11:32:13.9160000;
11;117;Petter Kollerød;Høidalen;M;NOR;Lyn Ski;1;G 14 år;24:38;1:40;2019-02-10T11:32:31.2700000;
12;101;Henrik Brunborg;Økland;M;NOR;Holmen IF;1;G 14 år;24:40;1:42;2019-02-10T11:30:52.8380000;
13;110;Stian Ustvedt;Gravdal;M;NOR;Drøbak-Frogn IL;1;G 14 år;24:44;1:46;2019-02-10T11:32:15.3580000;
14;140;Erik;Rømo;M;NOR;Årvoll IL;1;G 14 år;24:49;1:51;2019-02-10T11:32:49.8080000;
15;93;Mathias Nicolas Tonning;Vold;M;NOR;Asker SK;1;G 14 år;24:50;1:52;2019-02-10T11:30:16.9860000;
16;102;Sander Eidseter;Olsen;M;NOR;Fossum IF;1;G 14 år;24:51;1:53;2019-02-10T11:31:13.6780000;
17;112;Marcus Moore;Fossum;M;NOR;Fossum IF;1;G 14 år;24:56;1:58;2019-02-10T11:32:29.3980000;
18;109;Philip;Schumann;M;NOR;Fossum IF;1;G 14 år;24:59;2:01;2019-02-10T11:32:30.6100000;
19;106;Stephan;Irgens;M;NOR;Fossum IF;1;G 14 år;25:06;2:08;2019-02-10T11:32:16.9640000;
20;105;Amund;Schjetne;M;NOR;Lommedalens IL;1;G 14 år;25:12;2:14;2019-02-10T11:32:11.2520000;
21;120;Eirik Krogh;Wetterhus;M;NOR;Vollen Ungdomslag;1;G 14 år;25:13;2:15;2019-02-10T11:33:13.0310000;
22;107;Mikkel Lidemark;Gausdal;M;NOR;Holmen IF;1;G 14 år;25:16;2:18;2019-02-10T11:32:27.4410000;
23;116;Christopher Frithjof;Taranger;M;NOR;Holmen IF;1;G 14 år;25:28;2:30;2019-02-10T11:33:19.4920000;
24;119;Alexander Gunnar;Hernes;M;NOR;Fossum IF;1;G 14 år;25:57;2:59;2019-02-10T11:33:57.9070000;
25;136;Iver Sannem;Hustad;M;NOR;Holmen IF;1;G 14 år;26:01;3:03;2019-02-10T11:34:01.6810000;
26;141;Alexander Hall;Westby;M;NOR;Årvoll IL;1;G 14 år;26:10;3:12;2019-02-10T11:34:10.1900000;
27;104;Olav;Hallingstad;M;NOR;Lommedalens IL;1;G 14 år;26:11;3:13;2019-02-10T11:32:58.8780000;
28;121;Siver Melbo;Siljan;M;NOR;Haslum IL;1;G 14 år;26:19;3:21;2019-02-10T11:34:19.9940000;
29;111;Torjus;Holst;M;NOR;Oseberg Skilag;1;G 14 år;26:24;3:26;2019-02-10T11:33:56.1650000;
30;113;Adrian Birk;Aasgaard;M;NOR;Drøbak-Frogn IL;1;G 14 år;26:24;3:26;2019-02-10T11:33:57.8810000;
31;108;Thomas Jansen;Hanken;M;NOR;Lommedalens IL;1;G 14 år;26:49;3:51;2019-02-10T11:34:04.1390000;
32;118;Christoffer Andreas Melling;Gjertsen;M;NOR;Fossum IF;1;G 14 år;27:07;4:09;2019-02-10T11:35:03.9730000;
33;115;Sjur;Låhne;M;NOR;Haslum IL;1;G 14 år;27:35;4:37;2019-02-10T11:35:22.8490000;
34;133;Jon;Herland-Valen;M;NOR;Holmen IF;1;G 14 år;28:56;5:58;2019-02-10T11:36:56.1090000;
35;125;Markus Wilhelm;Bøhm-Wang;M;NOR;Øvrevoll Hosle IL;1;G 14 år;28:57;5:59;2019-02-10T11:36:57.0220000;
36;126;Fredrik;Schjander-Opsahl;M;NOR;Lommedalens IL;1;G 14 år;29:05;6:07;2019-02-10T11:37:05.9990000;
37;131;Henrik Haug;Solbrekke;M;NOR;Holmen IF;1;G 14 år;29:31;6:33;2019-02-10T11:37:31.3810000;
38;143;Lars;Kippenes;M;NOR;Vollen Ungdomslag;1;G 14 år;29:45;6:47;2019-02-10T11:37:45.0860000;
39;122;Jacob Felix Nordby;Høistad;M;NOR;Fossum IF;1;G 14 år;29:47;6:49;2019-02-10T11:37:47.8460000;
40;123;Eirik Bjørge;Underlid;M;NOR;Øvrevoll Hosle IL;1;G 14 år;31:28;8:30;2019-02-10T11:39:28.9820000;
41;127;Thomas;Bjørndalen;M;NOR;Haslum IL;1;G 14 år;32:45;9:47;2019-02-10T11:40:45.1570000;
42;128;Benjamin;Ryen;M;NOR;Heggedal IL;1;G 14 år;33:55;10:57;2019-02-10T11:41:55.2350000;
43;134;Emil;Moore-Carlsen;M;NOR;Fossum IF;1;G 14 år;40:56;17:58;2019-02-10T11:48:56.3500000;
1;31;Oliver;Aukland;M;NOR;Lommedalens IL;1;G 15 år;20:39;0:00;2019-02-10T11:05:39.1170000;
2;35;Mikkel Krohn;Sjursen;M;NOR;Haslum IL;1;G 15 år;22:55;2:16;2019-02-10T11:09:53.9360000;
3;32;Magnus;Kavli;M;NOR;Jutul  IL / Jutul IL;1;G 15 år;22:58;2:19;2019-02-10T11:09:41.7410000;
4;33;Aleksander;Storjohann;M;NOR;Haslum IL;1;G 15 år;23:08;2:29;2019-02-10T11:09:54.1000000;
5;37;Fabian von Saldern;Runer;M;NOR;Haslum IL;1;G 15 år;23:42;3:03;2019-02-10T11:11:13.5540000;
6;42;Lewis;Kjemhus;M;NOR;Holmen IF;1;G 15 år;24:21;3:42;2019-02-10T11:12:21.1280000;
7;43;Jens;Engebrigtsen;M;NOR;Fossum IF;1;G 15 år;24:21;3:42;2019-02-10T11:12:21.5220000;
8;53;Vetle;Bøch;M;NOR;Holmen IF;1;G 15 år;24:21;3:42;2019-02-10T11:12:21.6980000;
9;34;Lars Sander;Viken;M;NOR;Asker SK;1;G 15 år;24:23;3:44;2019-02-10T11:11:15.1630000;
10;38;Magnus;Kveen;M;NOR;Asker SK;1;G 15 år;24:28;3:49;2019-02-10T11:12:25.4570000;
11;44;Philip Hammersmark;Steen;M;NOR;IL Jardar;1;G 15 år;24:28;3:49;2019-02-10T11:12:28.7210000;
12;46;Hannes Malte;Hov;M;NOR;Lommedalens IL;1;G 15 år;24:46;4:07;2019-02-10T11:12:46.2080000;
13;45;Tobias Koi;Knutzen;M;NOR;Haslum IL;1;G 15 år;24:52;4:13;2019-02-10T11:12:52.6910000;
14;36;Anders Usterud;Vaaje;M;NOR;Asker SK;1;G 15 år;24:54;4:15;2019-02-10T11:12:07.9790000;
15;39;Oliver Noah;Aasgaard;M;NOR;Drøbak-Frogn IL;1;G 15 år;24:55;4:16;2019-02-10T11:12:52.5910000;
16;40;Iver;Myhrsveen;M;NOR;Bærums Verk Hauger Idrettsfore;1;G 15 år;25:01;4:22;2019-02-10T11:13:01.0660000;
17;52;Felix;Haugen;M;NOR;Fossum IF;1;G 15 år;26:12;5:33;2019-02-10T11:14:12.8850000;
18;49;Axel;Lång-Gisholt;M;NOR;Fossum IF;1;G 15 år;26:16;5:37;2019-02-10T11:14:16.8830000;
19;50;Sondre;Birkeland;M;NOR;Haslum IL;1;G 15 år;26:39;6:00;2019-02-10T11:14:39.9160000;
20;47;Lars Dahlseide;Kvamme;M;NOR;Haslum IL;1;G 15 år;26:40;6:01;2019-02-10T11:14:40.0320000;
20;48;Teodor Slaatsveen;Riddervold;M;NOR;Fossum IF;1;G 15 år;26:40;6:01;2019-02-10T11:14:40.0450000;
22;51;Birk Langehaug;Alme;M;NOR;Haslum IL;1;G 15 år;27:28;6:49;2019-02-10T11:15:28.6860000;
1;11;Jesper;Jørgensen;M;NOR;Fossum IF;1;G 16 år;23:02;0:00;2019-02-10T11:03:02.8360000;
2;12;Kristian Juell;Larsen;M;NOR;IL Jardar;1;G 16 år;24:08;1:06;2019-02-10T11:05:57.6570000;
3;21;Tobias;Gjerde;M;NOR;Haslum IL;1;G 16 år;24:33;1:31;2019-02-10T11:07:33.0240000;
4;18;Sondre;Leer;M;NOR;Lommedalens IL;1;G 16 år;24:34;1:32;2019-02-10T11:07:34.8650000;
5;23;Jonas;Holstrøm;M;NOR;Fossum IF;1;G 16 år;24:35;1:33;2019-02-10T11:07:35.8030000;
6;16;Henrik Siger;Woldene;M;NOR;Øvrevoll Hosle IL;1;G 16 år;25:44;2:42;2019-02-10T11:08:44.7000000;
7;22;Sindre Esmann;Milvang;M;NOR;Bærums Verk Hauger Idrettsfore;1;G 16 år;26:06;3:04;2019-02-10T11:09:06.1410000;
8;13;Bjørn Smedsrud;Edstrøm;M;NOR;IL Jardar;1;G 16 år;26:19;3:17;2019-02-10T11:09:19.6360000;
9;14;Håvard;Bjørnestad;M;NOR;IL Jardar;1;G 16 år;28:24;5:22;2019-02-10T11:11:24.3040000;
10;15;Syver Borge;Saksvik;M;NOR;Jutul  IL / Jutul IL;1;G 16 år;29:00;5:58;2019-02-10T11:12:00.2970000;
0;750;Hans Jørgen;Bartnes;M;NOR;Kjelsås IL;1;G 8 år;;;;
0;783;Kristoffer Nordal;Berg;M;NOR;Kjelsås IL;1;G 8 år;;;;
0;786;Nikolai;Bøthun;M;NOR;IL Jardar;1;G 8 år;;;;
0;765;Ludvig;Dybwad;M;NOR;IL Jardar;1;G 8 år;;;;
0;781;Eskil Svanes;Elgesem;M;NOR;Haslum IL;1;G 8 år;;;;
0;764;Villas;Ellingbø;M;NOR;Jutul  IL / Jutul IL;1;G 8 år;;;;
0;761;Nicholas;Fein;M;NOR;Haslum IL;1;G 8 år;;;;
0;763;Johan Kvalsnes;Gaarder;M;NOR;Haslum IL;1;G 8 år;;;;
0;768;Mathias Thøgersen;Hansen;M;NOR;Haslum IL;1;G 8 år;;;;
0;777;Ola;Heen;M;NOR;IL Jardar;1;G 8 år;;;;
0;758;Henrik;Heli-Haugestøl;M;NOR;Haslum IL;1;G 8 år;;;;
0;769;Tinius;Lødøen;M;NOR;Bærums Skiklub;1;G 8 år;;;;
0;767;Petter;Lund;M;NOR;IL Jardar;1;G 8 år;;;;
0;780;Andreas Solland;Lundgaard;M;NOR;Fossum IF;1;G 8 år;;;;
0;784;Erik Agner;Matheson;M;NOR;IL Jardar;1;G 8 år;;;;
0;776;Marius Kristian;Nordkvelde;M;NOR;Bærums Skiklub;1;G 8 år;;;;
0;775;Eskil Rødland;Plyhn;M;NOR;Haslum IL;1;G 8 år;;;;
0;778;Henrik;Sannes-Vardenær;M;NOR;Haslum IL;1;G 8 år;;;;
0;782;Mats;Svege;M;NOR;Jutul  IL / Jutul IL;1;G 8 år;;;;
0;759;Emil;Therkelsen;M;NOR;IL Jardar;1;G 8 år;;;;
0;772;Kristian;Tøien;M;NOR;Haslum IL;1;G 8 år;;;;
0;773;Mads Nicolay;Wierli-Juvet;M;NOR;IL Jardar;1;G 8 år;;;;
0;762;Aksel;Willand-Grønli;M;NOR;Asker SK;1;G 8 år;;;;
0;692;Alexander Landsverk;Avice;M;NOR;Holmen IF;1;G 9 år;;;;
0;686;Simon Alexander;Beck-Vehre;M;NOR;Lommedalens IL;1;G 9 år;;;;
0;688;Oskar Lidemark;Gausdal;M;NOR;Holmen IF;1;G 9 år;;;;
0;700;Martin Midtbø;Helgesen;M;NOR;Jutul  IL / Jutul IL;1;G 9 år;;;;
0;699;Trygve;Hessevik Francke;M;NOR;Haslum IL;1;G 9 år;;;;
0;697;Sondre Torsgard;Ihler;M;NOR;Øvrevoll Hosle IL;1;G 9 år;;;;
0;706;Peder;Isachsen;M;NOR;Haslum IL;1;G 9 år;;;;
0;694;Gabriel Ratikainen;Jensen;M;NOR;Haslum IL;1;G 9 år;;;;
0;695;Edward Blomvik;Jensen;M;NOR;Dikemark IF;1;G 9 år;;;;
0;681;Fredrik Kongtorp;Kofoed;M;NOR;Haslum IL;1;G 9 år;;;;
0;709;Leopold Klemet;Kollerud;M;NOR;Vollen Ungdomslag;1;G 9 år;;;;
0;696;Nikolas;Mai;M;NOR;Haslum IL;1;G 9 år;;;;
0;684;Elias;Molund;M;NOR;Lommedalens IL;1;G 9 år;;;;
0;670;Ulrik;Mørch-Bjerke;M;NOR;Dikemark IF;1;G 9 år;;;;
0;698;August Liavaag;Næss;M;NOR;Haslum IL;1;G 9 år;;;;
0;682;Martin;Noordhof-Hansen;M;NOR;Haslum IL;1;G 9 år;;;;
0;680;Benjamin Peter Wiklund;Øyen;M;NOR;Fossum IF;1;G 9 år;;;;
0;702;Hans Herman Slaatsveen;Riddervold;M;NOR;Fossum IF;1;G 9 år;;;;
0;669;Olav Nygård;Rostrup;M;NOR;Haslum IL;1;G 9 år;;;;
0;708;Theodor;Sanders;M;NOR;Haslum IL;1;G 9 år;;;;
0;691;Tobias;Seim;M;NOR;Haslum IL;1;G 9 år;;;;
0;693;Aksel Grøtting;Sjöström;M;NOR;Haslum IL;1;G 9 år;;;;
0;683;Henrik;Skarstein;M;NOR;Dikemark IF;1;G 9 år;;;;
0;701;Kristian Bache;Stranden;M;NOR;Haslum IL;1;G 9 år;;;;
0;679;Nikolai;Thøgersen;M;NOR;Haslum IL;1;G 9 år;;;;
0;703;Noah Isinius;Tønsberg-Nes;M;NOR;Haslum IL;1;G 9 år;;;;
0;629;Lisa Berger;Andersen;F;NOR;Holmen IF;1;J 10 år;;;;
0;643;Mathilde Øvrum;Buhagen;F;NOR;Holmen IF;1;J 10 år;;;;
0;636;Maria Josefine;Eggesvik;F;NOR;Holmen IF;1;J 10 år;;;;
0;658;Pia;Ekrheim;F;NOR;Holmen IF;1;J 10 år;;;;
0;662;Vilde;Ellingbø;F;NOR;Jutul  IL / Jutul IL;1;J 10 år;;;;
0;644;Elida Kveim;Engebakken;F;NOR;Vollen Ungdomslag;1;J 10 år;;;;
0;657;Amalie;Fein;F;NOR;Haslum IL;1;J 10 år;;;;
0;650;Martine Thuve;Flock;F;NOR;Haslum IL;1;J 10 år;;;;
0;634;Matilde Roald;Fosshaug;F;NOR;Holmen IF;1;J 10 år;;;;
0;618;Julia Forfang;Fossum;F;NOR;Haslum IL;1;J 10 år;;;;
0;640;Maja;Fossum;F;NOR;Fossum IF;1;J 10 år;;;;
0;617;Erle Elisabeth;Gjersøe;F;NOR;IL Jardar;1;J 10 år;;;;
0;633;Henriette;Gohn;F;NOR;Haslum IL;1;J 10 år;;;;
0;620;Mia Celine;Gussiås;F;NOR;Haslum IL;1;J 10 år;;;;
0;659;Mina Torjesen;Hagberg;F;NOR;Haslum IL;1;J 10 år;;;;
0;656;Ylva Hodneland;Hansen;F;NOR;Heggedal IL;1;J 10 år;;;;
0;646;Tuva;Hauge;F;NOR;Bærums Verk Hauger Idrettsfore;1;J 10 år;;;;
0;645;Hanna;Heen;F;NOR;IL Jardar;1;J 10 år;;;;
0;628;Marie;Helgheim;F;NOR;Haslum IL;1;J 10 år;;;;
0;635;Hermine;Heli-Haugestøl;F;NOR;Haslum IL;1;J 10 år;;;;
0;631;Sofie Sole;Hernes;F;NOR;Haslum IL;1;J 10 år;;;;
0;624;Vilde Bøch;Høyer;F;NOR;Fossum IF;1;J 10 år;;;;
0;630;Emma Knutsen;Hvamstad;F;NOR;Haslum IL;1;J 10 år;;;;
0;665;Julie Anna;Hvattum;F;NOR;IL Jardar;1;J 10 år;;;;
0;654;Emma Klem;Jacobsen;F;NOR;Heming IL;1;J 10 år;;;;
0;647;Erle Kristiane Wiede;Jean-Hansen;F;NOR;Fossum IF;1;J 10 år;;;;
0;619;Tilde Gustavsen;Kallåk;F;NOR;Bærums Verk Hauger Idrettsfore;1;J 10 år;;;;
0;642;Ingrid Lykke;Kildahl;F;NOR;IL Jardar;1;J 10 år;;;;
0;637;Lotta Matilde;Kleven;F;NOR;Haslum IL;1;J 10 år;;;;
0;652;Martine Nordtveit;Knudsen;F;NOR;Heggedal IL;1;J 10 år;;;;
0;625;Anna Knoph;Kvamme;F;NOR;Haslum IL;1;J 10 år;;;;
0;639;Othilie Westrum;Leiddal;F;NOR;Jutul  IL / Jutul IL;1;J 10 år;;;;
0;667;Kaja Marie;Lilledal-Fritzvold;F;NOR;Jutul  IL / Jutul IL;1;J 10 år;;;;
0;663;Nora;Lindvik;F;NOR;Haslum IL;1;J 10 år;;;;
0;616;Amalie Lindback;Lømo;F;NOR;Haslum IL;1;J 10 år;;;;
0;649;Sophie Caroline;Myhre;F;NOR;Haslum IL;1;J 10 år;;;;
0;626;Anna Haugan;Nereng;F;NOR;Holmen IF;1;J 10 år;;;;
0;632;Maria Strand;Nordli;F;NOR;Holmen IF;1;J 10 år;;;;
0;653;Hanna;Ødegaard Aasen;F;NOR;Haslum IL;1;J 10 år;;;;
0;627;Kira Cesilie Lannem;Rasch-Olsen;F;NOR;IL Jardar;1;J 10 år;;;;
0;660;Signe;Risnes;F;NOR;Heggedal IL;1;J 10 år;;;;
0;648;Helene;Schanke-Jørgensen;F;NOR;Holmen IF;1;J 10 år;;;;
0;668;Une Elisabeth;Schou;F;NOR;Haslum IL;1;J 10 år;;;;
0;621;Maria Elise;Solberg;F;NOR;Vollen Ungdomslag;1;J 10 år;;;;
0;622;Selma;Svege;F;NOR;Jutul  IL / Jutul IL;1;J 10 år;;;;
0;623;Mille;Syrrist-Leite;F;NOR;Holmen IF;1;J 10 år;;;;
0;655;Nathalie Elisabeth;Treider;F;NOR;Haslum IL;1;J 10 år;;;;
0;641;Aurora;Udnæseth;F;NOR;Haslum IL;1;J 10 år;;;;
0;638;Martine;Vannebo;F;NOR;Vollen Ungdomslag;1;J 10 år;;;;
1;461;Mia Minge;Johannesen;F;NOR;Nesodden IF - Ski;1;J 11 år;20:08;0:00;2019-02-10T13:00:08.4220000;
2;465;Anja Møgedal;Skjellestad;F;NOR;Heggedal IL;1;J 11 år;20:32;0:24;2019-02-10T13:02:22.0660000;
3;462;Selma;Grimsmo;F;NOR;Fossum IF;1;J 11 år;21:16;1:08;2019-02-10T13:01:51.6890000;
4;476;Pernille Medalen;Berntsen;F;NOR;Asker SK;1;J 11 år;21:34;1:26;2019-02-10T13:04:27.2570000;
5;468;Lea Koi;Knutzen;F;NOR;Haslum IL;1;J 11 år;21:49;1:41;2019-02-10T13:04:09.2490000;
6;466;Camilla Johanne;Lundqvist;F;NOR;Ås IL;1;J 11 år;21:52;1:44;2019-02-10T13:03:49.7380000;
7;471;Hedda Pauline Sjøl;Værnes;F;NOR;Asker SK;1;J 11 år;22:02;1:54;2019-02-10T13:04:33.7910000;
8;477;Hedda;Endsjø;F;NOR;Heggedal IL;1;J 11 år;22:10;2:02;2019-02-10T13:05:10.5940000;
9;475;Selma;Sørlie;F;NOR;Fossum IF;1;J 11 år;22:11;2:03;2019-02-10T13:04:57.9170000;
10;478;Sigrid Eidseter;Olsen;F;NOR;Fossum IF;1;J 11 år;22:25;2:17;2019-02-10T13:05:25.6260000;
11;463;Mina Daasvand;Solli;F;NOR;Asker SK;1;J 11 år;22:26;2:18;2019-02-10T13:04:04.3420000;
12;472;Johanna Bastiani;Gjesdal;F;NOR;Haslum IL;1;J 11 år;22:27;2:19;2019-02-10T13:04:58.3760000;
13;464;Frida Aurora Sletmoen;Fagernes;F;NOR;Asker SK;1;J 11 år;22:27;2:19;2019-02-10T13:04:15.8810000;
14;469;Hannah;Rugsland;F;NOR;Holmen IF;1;J 11 år;22:34;2:26;2019-02-10T13:05:02.1480000;
15;474;Sofie Reinertsen;Kollerød;F;NOR;IL Jardar;1;J 11 år;22:51;2:43;2019-02-10T13:05:31.9310000;
16;467;Lisa;Raabe-Ødegaard;F;NOR;IL Jardar;1;J 11 år;23:00;2:52;2019-02-10T13:05:17.4710000;
17;473;Mille;Bognøy;F;NOR;IL Jardar;1;J 11 år;23:14;3:06;2019-02-10T13:05:49.1050000;
18;470;Josefine;Gjerde;F;NOR;Haslum IL;1;J 11 år;23:43;3:35;2019-02-10T13:06:11.4470000;
19;479;Ella Mathea;Schomacker;F;NOR;Haslum IL;1;J 11 år;24:13;4:05;2019-02-10T13:07:13.9510000;
20;482;Mathea;Udnæseth;F;NOR;Haslum IL;1;J 11 år;24:45;4:37;2019-02-10T13:07:45.8390000;
21;481;Ingrid;Tøien;F;NOR;Haslum IL;1;J 11 år;24:47;4:39;2019-02-10T13:07:47.8470000;
22;486;Ada Otilia Wilson;Moholt;F;NOR;Fossum IF;1;J 11 år;25:10;5:02;2019-02-10T13:08:10.8050000;
23;493;Ellinor Stuland;Kristoffersen;F;NOR;Fossum IF;1;J 11 år;25:21;5:13;2019-02-10T13:08:21.0650000;
24;512;Caroline;Schanke-Jørgensen;F;NOR;Holmen IF;1;J 11 år;25:30;5:22;2019-02-10T13:08:30.6780000;
25;490;Una Marie;Kielland;F;NOR;Øvrevoll Hosle IL;1;J 11 år;25:32;5:24;2019-02-10T13:08:32.3640000;
26;492;Linea Alvilde;Tønsberg-Nes;F;NOR;Haslum IL;1;J 11 år;25:45;5:37;2019-02-10T13:08:45.6350000;
27;495;Isla Grace;Kjemhus;F;NOR;Holmen IF;1;J 11 år;25:46;5:38;2019-02-10T13:08:46.4840000;
28;504;Charlotte;Hopsnes;F;NOR;Fossum IF;1;J 11 år;25:51;5:43;2019-02-10T13:08:51.8370000;
29;509;Helene;Falck-Øien;F;NOR;Fossum IF;1;J 11 år;25:54;5:46;2019-02-10T13:08:54.2730000;
30;480;Synne;Seim;F;NOR;Haslum IL;1;J 11 år;25:59;5:51;2019-02-10T13:08:59.2710000;
31;489;Hedda Haug;Seljåsen;F;NOR;Asker SK;1;J 11 år;26:25;6:17;2019-02-10T13:09:25.2770000;
32;496;Mathilde Fagervoll;Olden;F;NOR;Haslum IL;1;J 11 år;26:28;6:20;2019-02-10T13:09:28.1110000;
33;484;Ingvild Marie;Krokann;F;NOR;IL Jardar;1;J 11 år;26:34;6:26;2019-02-10T13:09:34.8180000;
34;488;Marie;Risan;F;NOR;Fossum IF;1;J 11 år;26:44;6:36;2019-02-10T13:09:44.5890000;
35;507;Thilda Cecilia Carlson;Webb;F;NOR;IL Jardar;1;J 11 år;26:44;6:36;2019-02-10T13:09:44.9160000;
36;500;Ella Wollebæk;Sarnes;F;NOR;Haslum IL;1;J 11 år;26:56;6:48;2019-02-10T13:09:56.1510000;
37;485;Josefine Thon;Asklien;F;NOR;Asker SK;1;J 11 år;27:08;7:00;2019-02-10T13:10:08.9800000;
38;497;Ellinor Klemetsrud;Nevøy;F;NOR;Jutul  IL / Jutul IL;1;J 11 år;27:34;7:26;2019-02-10T13:10:34.3290000;
39;494;Marie;Wangensteen;F;NOR;Holmen IF;1;J 11 år;28:06;7:58;2019-02-10T13:11:06.6580000;
40;487;Tuva Schjelderup;Gråthen;F;NOR;Haslum IL;1;J 11 år;28:13;8:05;2019-02-10T13:11:13.7170000;
41;499;Martine Thøgersen;Hansen;F;NOR;Haslum IL;1;J 11 år;28:19;8:11;2019-02-10T13:11:19.2060000;
42;510;Othilie Mathisen;Bjørklund;F;NOR;Jutul  IL / Jutul IL;1;J 11 år;28:31;8:23;2019-02-10T13:11:31.7560000;
43;491;Johanne Brokhaug;Gabrielsen;F;NOR;Asker SK;1;J 11 år;28:41;8:33;2019-02-10T13:11:41.4780000;
44;502;Nora;Emblem;F;NOR;Haslum IL;1;J 11 år;28:56;8:48;2019-02-10T13:11:56.7110000;
45;501;Maria Taraldsen;Hyllseth;F;NOR;Haslum IL;1;J 11 år;28:57;8:49;2019-02-10T13:11:57.9730000;
46;498;Anne Kyte;Nyhus;F;NOR;Jutul  IL / Jutul IL;1;J 11 år;31:06;10:58;2019-02-10T13:14:06.4260000;
47;483;Ninnie Elisabeth;Adde;F;NOR;Haslum IL;1;J 11 år;31:08;11:00;2019-02-10T13:14:08.0700000;
48;503;Aurora;Fagerli-Quaino;F;NOR;Øvrevoll Hosle IL;1;J 11 år;31:28;11:20;2019-02-10T13:14:28.4890000;
49;511;Linea;Gildseth;F;NOR;Holmen IF;1;J 11 år;32:09;12:01;2019-02-10T13:15:09.5030000;
50;506;Tilde Marie;Strand;F;NOR;Jutul  IL / Jutul IL;1;J 11 år;37:12;17:04;2019-02-10T13:20:12.0760000;
1;333;Heddda;Skarphol Villadsen;F;NOR;IL Jardar;1;J 12 år;17:59;0:00;2019-02-10T12:28:27.9610000;
2;337;Kaja Ekrheim;Haugen;F;NOR;Holmen IF;1;J 12 år;18:10;0:11;2019-02-10T12:29:04.6640000;
3;334;Mina;Lie-Vik;F;NOR;Lyn Ski;1;J 12 år;18:12;0:13;2019-02-10T12:28:41.2480000;
4;331;Julie Sole;Hernes;F;NOR;Haslum IL;1;J 12 år;18:13;0:14;2019-02-10T12:28:13.0300000;
5;340;Mathea;Myhrum;F;NOR;Lommedalens IL;1;J 12 år;18:29;0:30;2019-02-10T12:29:51.3220000;
6;339;Marte Kristine Kollerød;Høidalen;F;NOR;Lyn Ski;1;J 12 år;18:43;0:44;2019-02-10T12:29:50.8310000;
7;338;Maren;Heen;F;NOR;IL Jardar;1;J 12 år;18:44;0:45;2019-02-10T12:29:42.9250000;
8;342;Solveig Michaelsen;Allum;F;NOR;Bærums Skiklub;1;J 12 år;19:14;1:15;2019-02-10T12:30:47.6630000;
9;341;Mie;Christensen;F;NOR;Haslum IL;1;J 12 år;19:41;1:42;2019-02-10T12:31:13.8100000;
10;336;Ellinor Fossheim;Solberg;F;NOR;Skimt - Ski;1;J 12 år;19:49;1:50;2019-02-10T12:30:42.0830000;
11;344;Heidi Midtbø;Helgesen;F;NOR;Jutul  IL / Jutul IL;1;J 12 år;20:00;2:01;2019-02-10T12:31:41.5190000;
12;335;Hennie Murstad;Simonsen;F;NOR;Fossum IF;1;J 12 år;20:02;2:03;2019-02-10T12:30:52.0360000;
13;346;Mina Sveen;Lund;F;NOR;Lyn Ski;1;J 12 år;20:13;2:14;2019-02-10T12:32:00.3180000;
14;349;Iselin;Veiseth;F;NOR;Lommedalens IL;1;J 12 år;20:31;2:32;2019-02-10T12:32:29.2590000;
15;350;Sofia;Bjønnes;F;NOR;Holmen IF;1;J 12 år;20:41;2:42;2019-02-10T12:32:53.0170000;
16;348;Hanna Mabel;Hoglund;F;NOR;Øvrevoll Hosle IL;1;J 12 år;20:44;2:45;2019-02-10T12:32:42.5490000;
17;378;Marte;Dolven;F;NOR;Asker SK;1;J 12 år;20:54;2:55;2019-02-10T12:33:54.3680000;
17;377;Victoria Cathrin;Løvenskiold;F;NOR;Try Ilet;1;J 12 år;20:54;2:55;2019-02-10T12:33:54.3680000;
19;345;Ingeborg;Raastad;F;NOR;Holmen IF;1;J 12 år;21:06;3:07;2019-02-10T12:32:53.9410000;
20;354;Una;Kanli;F;NOR;Fossum IF;1;J 12 år;21:23;3:24;2019-02-10T12:33:53.2920000;
21;353;Amalie;Haugen;F;NOR;Holmen IF;1;J 12 år;21:32;3:33;2019-02-10T12:34:01.3790000;
22;358;Signe Marie;Hegstad;F;NOR;Fossum IF;1;J 12 år;21:46;3:47;2019-02-10T12:34:44.7130000;
23;347;Vilma;Lødøen;F;NOR;Bærums Skiklub;1;J 12 år;21:59;4:00;2019-02-10T12:33:51.3280000;
24;343;Julie Victoria Borges;Sparrevik;F;SWE;Røa IL;1;J 12 år;22:05;4:06;2019-02-10T12:33:40.3440000;
25;352;Caroline Elise Rankin;Nordal;F;NOR;Holmen IF;1;J 12 år;22:22;4:23;2019-02-10T12:34:37.9790000;
26;359;Julie Hammersmark;Steen;F;NOR;IL Jardar;1;J 12 år;22:27;4:28;2019-02-10T12:35:27.9440000;
27;368;Sol;Gussiås;F;NOR;Haslum IL;1;J 12 år;22:46;4:47;2019-02-10T12:35:46.6490000;
28;374;Tuva Dale;Esmann;F;NOR;Røa IL;1;J 12 år;22:56;4:57;2019-02-10T12:35:56.7910000;
29;375;Hedda;Holm;F;NOR;IL Jardar;1;J 12 år;23:08;5:09;2019-02-10T12:36:08.0430000;
30;351;Henriette Backe;Staib;F;NOR;Holmen IF;1;J 12 år;23:11;5:12;2019-02-10T12:35:25.9700000;
31;362;Hedvig Lislerud;Myhre;F;NOR;Bærums Skiklub;1;J 12 år;23:35;5:36;2019-02-10T12:36:35.9200000;
32;361;Clara;Ødegaard;F;NOR;Øvrevoll Hosle IL;1;J 12 år;23:36;5:37;2019-02-10T12:36:36.7240000;
33;365;Tuva Gundersen;Leivestad;F;NOR;Bærums Skiklub;1;J 12 år;23:43;5:44;2019-02-10T12:36:43.4300000;
34;363;Marie Aas;Kostveit;F;NOR;IL Jardar;1;J 12 år;23:45;5:46;2019-02-10T12:36:45.3680000;
35;360;Marie;Tøien;F;NOR;Haslum IL;1;J 12 år;23:51;5:52;2019-02-10T12:36:51.0130000;
36;357;Hedda;Iversen;F;NOR;IL Jardar;1;J 12 år;23:58;5:59;2019-02-10T12:36:45.2980000;
37;369;Ina;Lindvik;F;NOR;Haslum IL;1;J 12 år;24:32;6:33;2019-02-10T12:37:32.2370000;
38;356;Kaja;Lier-Nilsen;F;NOR;IL Jardar;1;J 12 år;24:38;6:39;2019-02-10T12:37:16.6340000;
39;367;Nikoline Hatlevik;Hønningstad;F;NOR;Holmen IF;1;J 12 år;24:39;6:40;2019-02-10T12:37:39.5230000;
40;364;Tatiana;Furnes;F;NOR;Bærums Skiklub;1;J 12 år;24:49;6:50;2019-02-10T12:37:49.7540000;
41;355;Eva Marie;Andersen;F;NOR;Lommedalens IL;1;J 12 år;24:53;6:54;2019-02-10T12:37:29.5730000;
42;370;Amalie Sillibakken;Hammer;F;NOR;Haslum IL;1;J 12 år;24:54;6:55;2019-02-10T12:37:54.5650000;
43;371;Hannah Charlotte;Wächter;F;GER;Øvrevoll Hosle IL;1;J 12 år;30:16;12:17;2019-02-10T12:43:16.6320000;
1;239;Astrid;Skjevdal;F;NOR;Ås IL;1;J 13 år;26:43;0:00;2019-02-10T12:08:59.0310000;
2;232;Åsne Næss;Jensen;F;NOR;IL Jardar;1;J 13 år;26:44;0:01;2019-02-10T12:07:22.1170000;
3;234;Martine Homme;Johaug;F;NOR;Øvrevoll Hosle IL;1;J 13 år;26:59;0:16;2019-02-10T12:08:03.9170000;
4;241;Tuva;Austad;F;NOR;Fossum IF;1;J 13 år;28:24;1:41;2019-02-10T12:10:55.6410000;
5;231;Mille;Haneberg;F;NOR;Haslum IL;1;J 13 år;28:51;2:08;2019-02-10T12:08:51.8640000;
6;236;Selma Torvik;Mathismoen;F;NOR;Holmen IF;1;J 13 år;29:32;2:49;2019-02-10T12:11:10.3970000;
7;237;Dina;Glomsaker;F;NOR;Fossum IF;1;J 13 år;29:33;2:50;2019-02-10T12:11:11.0870000;
8;240;Linde Cesilie Lannem;Rasch-Olsen;F;NOR;IL Jardar;1;J 13 år;29:47;3:04;2019-02-10T12:12:10.7180000;
9;233;Maud Mariann;Myhre;F;NOR;Haslum IL;1;J 13 år;29:51;3:08;2019-02-10T12:10:34.0310000;
10;242;Sophie Øvland;Wiig;F;NOR;Bærums Verk Hauger Idrettsfore;1;J 13 år;30:18;3:35;2019-02-10T12:13:03.0710000;
11;238;Angelina Kristina;Sanders;F;NOR;Haslum IL;1;J 13 år;30:24;3:41;2019-02-10T12:12:30.0050000;
12;245;Margrethe Hamre;Køber;F;NOR;Jutul  IL / Jutul IL;1;J 13 år;30:56;4:13;2019-02-10T12:13:56.6850000;
13;247;Ingrid Elisabeth;Katteland;F;NOR;IL Jardar;1;J 13 år;31:06;4:23;2019-02-10T12:14:06.2030000;
14;244;Ebba Jonth;Eriksen;F;NOR;Haslum IL;1;J 13 år;31:37;4:54;2019-02-10T12:14:37.4960000;
15;243;Tiril Langehaug;Alme;F;NOR;Haslum IL;1;J 13 år;31:41;4:58;2019-02-10T12:14:40.0030000;
16;235;Linn;Vingan;F;NOR;Gjelleråsen IF;1;J 13 år;31:42;4:59;2019-02-10T12:13:18.6010000;
17;248;Sunniva;Ulevåg;F;NOR;Lommedalens IL;1;J 13 år;32:18;5:35;2019-02-10T12:15:18.7990000;
18;246;Karen Haug;Laukeland;F;NOR;Jutul  IL / Jutul IL;1;J 13 år;32:20;5:37;2019-02-10T12:15:20.0900000;
19;250;Vilde Cammermeyer;Haavardsholm;F;NOR;Holmen IF;1;J 13 år;32:20;5:37;2019-02-10T12:15:20.9110000;
20;249;Astrid Juli;Ytterbø;F;NOR;Asker SK;1;J 13 år;32:32;5:49;2019-02-10T12:15:32.1410000;
21;253;Katarina;Mai;F;NOR;Haslum IL;1;J 13 år;37:35;10:52;2019-02-10T12:20:35.0510000;
22;255;Oda Lyng;Bjørkevoll;F;NOR;Jutul  IL / Jutul IL;1;J 13 år;38:34;11:51;2019-02-10T12:21:34.5860000;
23;254;Ingvild Herstad;Elvenes;F;NOR;Asker SK;1;J 13 år;38:36;11:53;2019-02-10T12:21:36.5520000;
1;211;Lisa Kristine;Jorde;F;NOR;Asker SK;1;J 14 år;24:14;0:00;2019-02-10T11:49:14.8180000;
2;216;Hanna Skarphol;Villadsen;F;NOR;IL Jardar;1;J 14 år;24:18;0:04;2019-02-10T11:51:19.3830000;
3;219;Emma Hovengen;Lundin;F;NOR;Nittedal IL;1;J 14 år;25:24;1:10;2019-02-10T11:53:07.7380000;
4;217;Maren Medalen;Berntsen;F;NOR;Asker SK;1;J 14 år;25:31;1:17;2019-02-10T11:52:44.6220000;
5;213;Anna Mæhre;Torjussen;F;NOR;Fossum IF;1;J 14 år;25:36;1:22;2019-02-10T11:51:49.1300000;
6;212;Louise Petersen;Wiggen;F;NOR;Fossum IF;1;J 14 år;25:47;1:33;2019-02-10T11:51:46.9270000;
7;218;Frida;Lima-Hogsnes;F;NOR;Asker SK;1;J 14 år;26:14;2:00;2019-02-10T11:53:55.7440000;
8;222;Ella;Halvorsen-Røgeberg;F;NOR;Haslum IL;1;J 14 år;26:34;2:20;2019-02-10T11:54:34.8630000;
9;214;Nora Christine;Hansen;F;NOR;Asker SK;1;J 14 år;26:52;2:38;2019-02-10T11:53:15.1090000;
10;215;Nora Elizabeth;Conradi;F;NOR;Øvrevoll Hosle IL;1;J 14 år;27:03;2:49;2019-02-10T11:53:55.5000000;
11;223;Emma Kristine;Høglund;F;NOR;Øvrevoll Hosle IL;1;J 14 år;27:04;2:50;2019-02-10T11:55:04.1270000;
12;226;Anniken Frodahl;Lystad;F;NOR;IL Jardar;1;J 14 år;27:28;3:14;2019-02-10T11:55:28.2900000;
13;221;Johanna;Holstrøm;F;NOR;Haslum IL;1;J 14 år;27:50;3:36;2019-02-10T11:55:48.9120000;
14;225;Elise Nygård;Thorseng;F;NOR;Fossum IF;1;J 14 år;28:19;4:05;2019-02-10T11:56:19.5180000;
15;230;Marie Sofie;Ekeberg;M;NOR;Oseberg Skilag;1;J 14 år;28:25;4:11;2019-02-10T11:56:25.2120000;
16;228;Tuva Bøch;Høyer;F;NOR;Fossum IF;1;J 14 år;30:51;6:37;2019-02-10T11:58:51.6910000;
1;71;Vilma Halstenstad;Stovner;F;NOR;Røa IL;1;J 15 år;22:54;0:00;2019-02-10T11:17:54.0080000;
2;86;Linnea;Holst;F;NOR;IL Jardar;1;J 15 år;25:12;2:18;2019-02-10T11:23:12.1310000;
3;72;Eline Brattegaard;Sveen;F;NOR;Haslum IL;1;J 15 år;25:12;2:18;2019-02-10T11:21:47.6460000;
4;81;Jenny Skirstad;Pollen;F;NOR;Haslum IL;1;J 15 år;25:17;2:23;2019-02-10T11:23:17.1090000;
5;76;Mie Christine Stangeland;Sørensen;F;NOR;Jutul  IL / Jutul IL;1;J 15 år;26:02;3:08;2019-02-10T11:24:02.6130000;
6;75;Sofie;Steen;F;NOR;Asker SK;1;J 15 år;26:14;3:20;2019-02-10T11:23:18.3060000;
7;74;Vida Wiig;Helland-Hansen;F;NOR;IL Jardar;1;J 15 år;26:24;3:30;2019-02-10T11:23:48.8510000;
8;77;Katinka Lie;Petterson;F;NOR;Haslum IL;1;J 15 år;26:30;3:36;2019-02-10T11:24:30.6480000;
9;79;Amanda;Ellefsen;F;NOR;Haslum IL;1;J 15 år;26:37;3:43;2019-02-10T11:24:37.1230000;
10;80;Marte Sanderud;Fisknes;F;NOR;Asker SK;1;J 15 år;27:00;4:06;2019-02-10T11:25:00.7690000;
11;73;Anine Skjæret;Halstensen;F;NOR;Haslum IL;1;J 15 år;27:32;4:38;2019-02-10T11:24:42.2210000;
12;82;Kaisa Sofie;Kleven;F;NOR;Haslum IL;1;J 15 år;28:02;5:08;2019-02-10T11:26:02.2950000;
13;89;Mille Baastad;Berg;F;NOR;IL Jardar;1;J 15 år;28:23;5:29;2019-02-10T11:26:23.3720000;
14;78;Eileen;Bjanes;F;NOR;IL Jardar;1;J 15 år;28:56;6:02;2019-02-10T11:26:56.0080000;
15;83;Celine Bråten;Kristensen;F;NOR;Jutul  IL / Jutul IL;1;J 15 år;29:42;6:48;2019-02-10T11:27:42.0290000;
16;84;Amalie Lyng;Bjørkevoll;F;NOR;Jutul  IL / Jutul IL;1;J 15 år;31:53;8:59;2019-02-10T11:29:53.7920000;
1;62;Helene Skarphol;Villadsen;F;NOR;IL Jardar;1;J 16 år;24:52;0:00;2019-02-10T11:15:18.8370000;
2;61;Pia Frodahl;Lystad;F;NOR;IL Jardar;1;J 16 år;25:18;0:26;2019-02-10T11:15:18.2850000;
3;63;Maren Hamre;Køber;F;NOR;Jutul  IL / Jutul IL;1;J 16 år;26:38;1:46;2019-02-10T11:17:37.1610000;
4;64;Marie Haug;Laukeland;F;NOR;Jutul  IL / Jutul IL;1;J 16 år;27:15;2:23;2019-02-10T11:18:45.8690000;
0;795;Christine Elise Bye;Aabel;F;NOR;Haslum IL;1;J 8 år;;;;
0;807;Ida Benjaminsen;Andresen;F;NOR;Haslum IL;1;J 8 år;;;;
0;811;Sara;Aneja;F;IND;Haslum IL;1;J 8 år;;;;
0;813;Lily Cornelia;Beck-Vehre;F;NOR;Lommedalens IL;1;J 8 år;;;;
0;808;Blomma;Bjørge;F;NOR;Holmen IF;1;J 8 år;;;;
0;802;Marie Lyng;Bjørkevoll;F;NOR;Jutul  IL / Jutul IL;1;J 8 år;;;;
0;787;Sofie Hynne;Blakseth;F;NOR;Jutul  IL / Jutul IL;1;J 8 år;;;;
0;804;Elise Granskogen;Ekeberg;F;NOR;Jutul  IL / Jutul IL;1;J 8 år;;;;
0;805;Maria;Fossum;F;NOR;Haslum IL;1;J 8 år;;;;
0;799;Symre;Gussiås;F;NOR;Haslum IL;1;J 8 år;;;;
0;796;Isabelle;Hopsnes;F;NOR;Fossum IF;1;J 8 år;;;;
0;806;Milla Minge;Johannesen;F;NOR;Nesodden IF - Ski;1;J 8 år;;;;
0;812;Emma Minge;Johannesen;F;NOR;Nesodden IF - Ski;1;J 8 år;;;;
0;809;Astrid Knoph;Kvamme;F;NOR;Haslum IL;1;J 8 år;;;;
0;801;Jenny Eiken;Longva;F;NOR;Lommedalens IL;1;J 8 år;;;;
0;803;Maja Agner;Matheson;F;NOR;IL Jardar;1;J 8 år;;;;
0;789;Mathea;Myrstad;F;NOR;Lommedalens IL;1;J 8 år;;;;
0;815;Åse Klemetsrud;Nevøy;F;NOR;Jutul  IL / Jutul IL;1;J 8 år;;;;
0;816;Mille Fyksen;Prøsch;F;NOR;Øvrevoll Hosle IL;1;J 8 år;;;;
0;794;Linnea Likhona;Rose;F;NOR;Holmen IF;1;J 8 år;;;;
0;814;Sofia Fonn;Søndergaard;F;NOR;IL Jardar;1;J 8 år;;;;
0;797;Julie Behrentz;Wee;F;NOR;Jutul  IL / Jutul IL;1;J 8 år;;;;
0;798;Linea;Welle-Smidt;F;NOR;Asker SK;1;J 8 år;;;;
0;791;Elise;Wettergreen;F;NOR;Øvrevoll Hosle IL;1;J 8 år;;;;
0;810;Henriette Cammermeyer;Ziener;F;NOR;Holmen IF;1;J 8 år;;;;
0;741;Adele Veronica;Aasgaard;F;NOR;Drøbak-Frogn IL;1;J 9 år;;;;
0;735;Marie;Dolven;F;NOR;Holmen IF;1;J 9 år;;;;
0;722;Jorid Dale;Esmann;F;NOR;Røa IL;1;J 9 år;;;;
0;746;Emilie Pernille;Espegren;F;NOR;Haslum IL;1;J 9 år;;;;
0;736;Maja Nerheim;Gullhaugen;F;NOR;Haslum IL;1;J 9 år;;;;
0;727;Eline Falck;Hallingstad;F;NOR;Haslum IL;1;J 9 år;;;;
0;726;Mie;Heen;F;NOR;IL Jardar;1;J 9 år;;;;
0;731;Sofie;Jarnæss;F;NOR;Haslum IL;1;J 9 år;;;;
0;745;Mathea Janicke;Matheson;F;NOR;IL Jardar;1;J 9 år;;;;
0;728;Eira Barstad;Mathiesen;F;NOR;Haslum IL;1;J 9 år;;;;
0;739;Charlotte Renee Rankin;Nordal;F;NOR;Holmen IF;1;J 9 år;;;;
0;723;Frida;Øien;F;NOR;Haslum IL;1;J 9 år;;;;
0;725;Andrine Fagervoll;Olden;F;NOR;Haslum IL;1;J 9 år;;;;
0;737;Helene Hellerud;Øpstad;F;NOR;Asker SK;1;J 9 år;;;;
0;732;Nora Blichfeldt;Rød;F;NOR;Asker SK;1;J 9 år;;;;
0;742;Ella Marie Rebekka;Rognli;F;NOR;Haslum IL;1;J 9 år;;;;
0;734;Selma Varsi;Rossvoll;F;NOR;Bærums Verk Hauger Idrettsfore;1;J 9 år;;;;
0;721;Hanna Andersen;Sarfi;F;NOR;Holmen IF;1;J 9 år;;;;
0;740;Ingrid Aas;Skogstrøm;F;NOR;Haslum IL;1;J 9 år;;;;
0;738;Oda Kofoed;Skramstad;F;NOR;Haslum IL;1;J 9 år;;;;
0;729;Selma;Welle-Smidt;F;NOR;Asker SK;1;J 9 år;;;;
1;3;Fredrik André Stangeland;Sørensen;M;NOR;Bærums Skiklub;1;Menn junior;25:30;0:00;2019-02-10T10:55:30.6830000;
1;4;Arnstein Tofte;Jørgensen;M;NOR;Fossum IF;1;Menn senior;23:44;0:00;2019-02-10T10:53:44.0630000;
2;8;Bård Erlend;Hansen;M;NOR;Haslum IL;1;Menn senior;24:19;0:35;2019-02-10T10:54:19.9170000;
3;6;Jon Anders;Halstenstad;M;NOR;Fossum IF;1;Menn senior;26:17;2:33;2019-02-10T10:56:17.2300000;
4;5;Ledig;Startnr;M;NOR;Noteam;1;Menn senior;4:13:09;;;
